xji,yji,thetaji,vj,wj,trueXji,trueYji,trueThetaji
-0.0834064,-2.05535,6.21231,0.3,0.05,-0.0448762,-2.04669,6.21669
-0.0836978,-2.05551,6.21181,0.3,0.05,-0.0446926,-2.0482,6.2162
-0.0839973,-2.05593,6.21131,0.3,0.05,-0.0443987,-2.04895,6.21597
-0.0843056,-2.05657,6.21081,0.3,0.05,-0.0450086,-2.05043,6.21534
-0.08464,-2.05778,6.21031,0.3,0.05,-0.0447583,-2.0512,6.21539
-0.0849867,-2.05911,6.20981,0.3,0.05,-0.0456874,-2.05271,6.21464
-0.0853631,-2.06093,6.20931,0.3,0.05,-0.0469834,-2.05344,6.21376
-0.0857323,-2.06227,6.20881,0.3,0.05,-0.0480264,-2.05498,6.21263
-0.0860941,-2.06324,6.20831,0.3,0.05,-0.04833,-2.05572,6.21222
-0.0864356,-2.06364,6.20781,0.3,0.05,-0.0489682,-2.05732,6.21181
-0.0867781,-2.06408,6.20731,0.3,0.05,-0.0491836,-2.0581,6.21153
-0.0871134,-2.06437,6.2068,0.3,0.05,-0.0490381,-2.0597,6.21114
-0.0874696,-2.06519,6.2063,0.3,0.05,-0.0492054,-2.06047,6.21077
-0.0878092,-2.06556,6.2058,0.3,0.05,-0.0364051,-2.06305,6.21323
-0.0881727,-2.0665,6.2053,0.3,0.05,-0.050123,-2.06454,6.20957
-0.0889114,-2.06812,6.2043,0.3,0.05,-0.0526615,-2.06692,6.20758
-0.089643,-2.06937,6.2033,0.3,0.05,-0.0537364,-2.06942,6.20658
-0.0903829,-2.07071,6.2023,0.3,0.05,-0.0540177,-2.07028,6.2064
-0.0907145,-2.07088,6.2018,0.3,0.05,-0.0538971,-2.07196,6.20611
-0.0910534,-2.0713,6.20129,0.3,0.05,-0.0537377,-2.07283,6.20579
-0.0914029,-2.07198,6.20079,0.3,0.05,-0.0545855,-2.07452,6.20501
-0.0916888,-2.07125,6.20029,0.3,0.05,-0.0548047,-2.07537,6.20469
-0.0919432,-2.07011,6.19979,0.3,0.05,-0.0553052,-2.07713,6.20444
-0.0922336,-2.07011,6.19928,0.3,0.05,-0.0555757,-2.07799,6.20417
-0.0925437,-2.07051,6.19877,0.3,0.05,-0.0569696,-2.07971,6.20299
-0.0928559,-2.0713,6.19828,0.3,0.05,-0.0590637,-2.0823,6.20134
-0.0936536,-2.07428,6.19727,0.3,0.05,-0.0589219,-2.08503,6.20118
-0.0944665,-2.07685,6.19627,0.3,0.05,-0.060211,-2.0877,6.19997
-0.0953099,-2.07946,6.19527,0.3,0.05,-0.0610972,-2.09043,6.19931
-0.0962164,-2.08273,6.19426,0.3,0.05,-0.0621511,-2.0932,6.19829
-0.0971533,-2.08578,6.19326,0.3,0.05,-0.0483528,-2.09617,6.20047
-0.0976399,-2.08766,6.19274,0.3,0.05,-0.0653193,-2.09687,6.19602
-0.0980935,-2.08934,6.19226,0.3,0.05,-0.0653289,-2.09878,6.19607
-0.0990674,-2.09161,6.19125,0.3,0.05,-0.0656997,-2.09971,6.19567
-0.0995323,-2.09256,6.19074,0.3,0.05,-0.066429,-2.10161,6.19495
-0.0999994,-2.09387,6.19025,0.3,0.05,-0.0667829,-2.10256,6.19461
-0.100473,-2.09497,6.18974,0.3,0.05,-0.067498,-2.10449,6.19397
-0.100926,-2.09557,6.18924,0.3,0.05,-0.0678759,-2.10544,6.19398
-0.101407,-2.09674,6.18874,0.3,0.05,-0.068656,-2.10737,6.19323
-0.101907,-2.09819,6.18823,0.3,0.05,-0.042852,-2.11063,6.19878
-0.102398,-2.09928,6.18773,0.3,0.05,-0.0718217,-2.11121,6.19109
-0.102889,-2.10028,6.18723,0.3,0.05,-0.0718684,-2.11324,6.19114
-0.10398,-2.10279,6.18622,0.3,0.05,-0.0718787,-2.11419,6.1909
-0.104507,-2.10421,6.18572,0.3,0.05,-0.0735937,-2.11716,6.18967
-0.105074,-2.10607,6.18521,0.3,0.05,-0.0613219,-2.12037,6.19201
-0.106241,-2.10902,6.18421,0.3,0.05,-0.0758058,-2.12225,6.18824
-0.107447,-2.11189,6.18321,0.3,0.05,-0.0762384,-2.12319,6.18793
-0.108047,-2.11373,6.18271,0.3,0.05,-0.0786668,-2.1262,6.18638
-0.108647,-2.11533,6.1822,0.3,0.05,-0.0792179,-2.12928,6.18609
-0.109906,-2.11791,6.1812,0.3,0.05,-0.0802627,-2.13137,6.18524
-0.111246,-2.12123,6.18019,0.3,0.05,-0.0817557,-2.13446,6.18421
-0.112618,-2.12486,6.1792,0.3,0.05,-0.0822491,-2.13549,6.18388
-0.113326,-2.12722,6.17869,0.3,0.05,-0.0833058,-2.13762,6.18342
-0.114049,-2.12955,6.17819,0.3,0.05,-0.084851,-2.14078,6.18232
-0.115572,-2.13354,6.17718,0.3,0.05,-0.0867548,-2.14395,6.18111
-0.117105,-2.13729,6.17619,0.3,0.05,-0.0869013,-2.14502,6.18099
-0.117877,-2.13919,6.17568,0.3,0.05,-0.0885069,-2.14712,6.18014
-0.118642,-2.14073,6.17518,0.3,0.05,-0.0620774,-2.1509,6.18591
-0.119438,-2.14243,6.17467,0.3,0.05,-0.0904248,-2.15146,6.17884
-0.120214,-2.14386,6.17417,0.3,0.05,-0.0919888,-2.1536,6.17822
-0.121814,-2.14677,6.17318,0.3,0.05,-0.0926007,-2.15471,6.17782
-0.122631,-2.14855,6.17267,0.3,0.05,-0.0937031,-2.15691,6.17722
-0.123478,-2.15038,6.17216,0.3,0.05,-0.0948106,-2.16023,6.17647
-0.125153,-2.15338,6.17117,0.3,0.05,-0.0961872,-2.16126,6.17576
-0.125986,-2.1548,6.17067,0.3,0.05,-0.0981588,-2.16458,6.1748
-0.12685,-2.15663,6.17017,0.3,0.05,-0.0995087,-2.16685,6.17409
-0.128592,-2.15914,6.16915,0.3,0.05,-0.100138,-2.16792,6.17376
-0.129397,-2.15999,6.16866,0.3,0.05,-0.0883826,-2.1716,6.17601
-0.130238,-2.16111,6.16816,0.3,0.05,-0.103387,-2.17359,6.17217
-0.132004,-2.16368,6.16716,0.3,0.05,-0.103629,-2.17703,6.17196
-0.133801,-2.16615,6.16614,0.3,0.05,-0.104628,-2.17813,6.17145
-0.134627,-2.16705,6.16565,0.3,0.05,-0.0939125,-2.18187,6.17332
-0.135515,-2.16864,6.16515,0.3,0.05,-0.109229,-2.18383,6.1693
-0.137421,-2.17229,6.16414,0.3,0.05,-0.109961,-2.18497,6.16895
-0.138409,-2.17494,6.16364,0.3,0.05,-0.111439,-2.18728,6.16822
-0.139441,-2.17796,6.16314,0.3,0.05,-0.0852144,-2.19143,6.17404
-0.140494,-2.18068,6.16262,0.3,0.05,-0.113864,-2.19189,6.16715
-0.141513,-2.18315,6.16213,0.3,0.05,-0.101175,-2.19579,6.17003
-0.143582,-2.18661,6.16113,0.3,0.05,-0.117085,-2.19774,6.16541
-0.145683,-2.18998,6.16013,0.3,0.05,-0.0918207,-2.20194,6.17126
-0.146785,-2.19257,6.15962,0.3,0.05,-0.120433,-2.2024,6.16426
-0.147877,-2.19476,6.15912,0.3,0.05,-0.12292,-2.20597,6.1631
-0.150116,-2.19872,6.15812,0.3,0.05,-0.124516,-2.20835,6.16246
-0.152405,-2.20271,6.15712,0.3,0.05,-0.124791,-2.20952,6.16236
-0.153557,-2.20479,6.15662,0.3,0.05,-0.124855,-2.21199,6.1624
-0.154685,-2.20635,6.15612,0.3,0.05,-0.127164,-2.21556,6.16123
-0.157054,-2.21021,6.15511,0.3,0.05,-0.102327,-2.21992,6.16663
-0.158244,-2.21219,6.15461,0.3,0.05,-0.117745,-2.22073,6.16279
-0.159423,-2.21385,6.15411,0.3,0.05,-0.105165,-2.22353,6.16551
-0.160594,-2.215,6.1536,0.3,0.05,-0.120867,-2.22429,6.16159
-0.161759,-2.2166,6.15311,0.3,0.05,-0.136189,-2.22635,6.15738
-0.164214,-2.21983,6.15209,0.3,0.05,-0.13647,-2.22759,6.15752
-0.165432,-2.22184,6.1516,0.3,0.05,-0.136695,-2.23007,6.15756
-0.166605,-2.22281,6.1511,0.3,0.05,-0.137463,-2.23132,6.15729
-0.167786,-2.22386,6.1506,0.3,0.05,-0.126,-2.23541,6.15933
-0.169038,-2.2255,6.15009,0.3,0.05,-0.142835,-2.23736,6.15506
-0.171567,-2.22908,6.14909,0.3,0.05,-0.145825,-2.24102,6.15401
-0.174108,-2.23206,6.14809,0.3,0.05,-0.146778,-2.24219,6.15365
-0.175382,-2.23377,6.14759,0.3,0.05,-0.149007,-2.24593,6.15256
-0.176635,-2.23511,6.14709,0.3,0.05,-0.149403,-2.24854,6.15275
-0.17925,-2.23827,6.14608,0.3,0.05,-0.150209,-2.24973,6.1525
-0.180505,-2.23941,6.14558,0.3,0.05,-0.151913,-2.25223,6.15191
-0.181808,-2.24109,6.14508,0.3,0.05,-0.152841,-2.25349,6.15129
-0.18311,-2.24266,6.14457,0.3,0.05,-0.15529,-2.25595,6.15041
-0.184409,-2.2441,6.14407,0.3,0.05,-0.156757,-2.25715,6.15
-0.185802,-2.24659,6.14357,0.3,0.05,-0.159952,-2.26083,6.14896
-0.187174,-2.24863,6.14307,0.3,0.05,-0.16233,-2.26466,6.14782
-0.190011,-2.25267,6.14206,0.3,0.05,-0.163807,-2.26848,6.14775
-0.192893,-2.25639,6.14105,0.3,0.05,-0.166229,-2.27231,6.14671
-0.195796,-2.26045,6.14006,0.3,0.05,-0.169955,-2.27601,6.14551
-0.198829,-2.26481,6.13904,0.3,0.05,-0.172892,-2.27852,6.14462
-0.201879,-2.26936,6.13805,0.3,0.05,-0.174016,-2.27972,6.14428
-0.203476,-2.27225,6.13755,0.3,0.05,-0.176293,-2.28225,6.14321
-0.205064,-2.27483,6.13705,0.3,0.05,-0.176584,-2.28357,6.14316
-0.206595,-2.2766,6.13655,0.3,0.05,-0.177906,-2.28754,6.14309
-0.208166,-2.27869,6.13604,0.3,0.05,-0.180383,-2.29007,6.14245
-0.211366,-2.28273,6.13504,0.3,0.05,-0.181373,-2.29129,6.14201
-0.212979,-2.28486,6.13454,0.3,0.05,-0.184607,-2.29515,6.14079
-0.214667,-2.28704,6.13402,0.3,0.05,-0.187795,-2.29763,6.13993
-0.217963,-2.29163,6.13304,0.3,0.05,-0.18896,-2.29885,6.13961
-0.219808,-2.29492,6.13252,0.3,0.05,-0.191285,-2.30279,6.13864
-0.221543,-2.29807,6.13204,0.3,0.05,-0.192534,-2.30542,6.13843
-0.225128,-2.30351,6.13104,0.3,0.05,-0.193684,-2.30672,6.1383
-0.227015,-2.30687,6.13054,0.3,0.05,-0.195887,-2.30925,6.13776
-0.228934,-2.30999,6.13003,0.3,0.05,-0.196992,-2.31052,6.13742
-0.23078,-2.31278,6.12954,0.3,0.05,-0.199253,-2.3131,6.13647
-0.23264,-2.3152,6.12904,0.3,0.05,-0.200418,-2.31441,6.13611
-0.234591,-2.31835,6.12854,0.3,0.05,-0.204796,-2.31819,6.13499
-0.236528,-2.32113,6.12804,0.3,0.05,-0.207593,-2.32211,6.13402
-0.240281,-2.32533,6.12704,0.3,0.05,-0.209822,-2.32604,6.13353
-0.244107,-2.32971,6.12604,0.3,0.05,-0.212256,-2.32862,6.13311
-0.247932,-2.3336,6.12504,0.3,0.05,-0.215933,-2.33252,6.13182
-0.251783,-2.3373,6.12405,0.3,0.05,-0.21964,-2.33639,6.1308
-0.255688,-2.34111,6.12305,0.3,0.05,-0.220932,-2.33762,6.13064
-0.257636,-2.34266,6.12255,0.3,0.05,-0.223734,-2.34021,6.12975
-0.259589,-2.34417,6.12205,0.3,0.05,-0.224478,-2.34155,6.12947
-0.261547,-2.34567,6.12155,0.3,0.05,-0.212829,-2.34625,6.13218
-0.26359,-2.34786,6.12105,0.3,0.05,-0.229747,-2.34812,6.12841
-0.267683,-2.35223,6.12005,0.3,0.05,-0.231033,-2.34939,6.12813
-0.26978,-2.3545,6.11956,0.3,0.05,-0.23367,-2.35198,6.12713
-0.271945,-2.35723,6.11906,0.3,0.05,-0.234522,-2.35328,6.12689
-0.274096,-2.35935,6.11855,0.3,0.05,-0.237583,-2.35586,6.12609
-0.276141,-2.36109,6.11806,0.3,0.05,-0.238871,-2.3571,6.1258
-0.278253,-2.363,6.11756,0.3,0.05,-0.241896,-2.3597,6.12519
-0.280373,-2.36457,6.11705,0.3,0.05,-0.242112,-2.36108,6.125
-0.28245,-2.36635,6.11657,0.3,0.05,-0.230059,-2.36589,6.12789
-0.284596,-2.36829,6.11607,0.3,0.05,-0.218452,-2.36923,6.13053
-0.286813,-2.37042,6.11556,0.3,0.05,-0.234663,-2.36973,6.12693
-0.288891,-2.37192,6.11507,0.3,0.05,-0.223058,-2.37304,6.12922
-0.291028,-2.37352,6.11457,0.3,0.05,-0.253298,-2.37283,6.12227
-0.293178,-2.37517,6.11407,0.3,0.05,-0.256053,-2.37538,6.12159
-0.297473,-2.37854,6.11307,0.3,0.05,-0.257428,-2.37666,6.12125
-0.299666,-2.38033,6.11258,0.3,0.05,-0.260118,-2.38069,6.12082
-0.301853,-2.38169,6.11207,0.3,0.05,-0.262154,-2.38335,6.1204
-0.306147,-2.3848,6.11108,0.3,0.05,-0.266549,-2.38716,6.11932
-0.310543,-2.38815,6.11008,0.3,0.05,-0.268021,-2.38842,6.11905
-0.312735,-2.38957,6.10958,0.3,0.05,-0.27251,-2.39226,6.11781
-0.314954,-2.39116,6.10908,0.3,0.05,-0.275535,-2.39487,6.11711
-0.319415,-2.39447,6.10808,0.3,0.05,-0.27694,-2.39611,6.11678
-0.321638,-2.3959,6.10758,0.3,0.05,-0.279712,-2.39871,6.11629
-0.324046,-2.39834,6.10707,0.3,0.05,-0.25338,-2.4045,6.12222
-0.326395,-2.40052,6.10657,0.3,0.05,-0.268586,-2.40503,6.1189
-0.328634,-2.40181,6.10607,0.3,0.05,-0.286607,-2.40662,6.11478
-0.333234,-2.40551,6.10508,0.3,0.05,-0.288168,-2.40787,6.11443
-0.335526,-2.40698,6.10458,0.3,0.05,-0.291379,-2.41042,6.11347
-0.337883,-2.40886,6.10408,0.3,0.05,-0.292997,-2.41172,6.11307
-0.340183,-2.41026,6.10358,0.3,0.05,-0.297709,-2.41554,6.11204
-0.342484,-2.41162,6.10308,0.3,0.05,-0.300519,-2.41806,6.11148
-0.347298,-2.41571,6.10208,0.3,0.05,-0.300128,-2.41966,6.11194
-0.349694,-2.41749,6.10158,0.3,0.05,-0.302353,-2.42231,6.11142
-0.352074,-2.41909,6.10108,0.3,0.05,-0.30414,-2.42349,6.11099
-0.354497,-2.42093,6.10058,0.3,0.05,-0.30744,-2.42607,6.11029
-0.356966,-2.42299,6.10009,0.3,0.05,-0.309042,-2.42728,6.10993
-0.359542,-2.4254,6.09958,0.3,0.05,-0.312031,-2.42987,6.10918
-0.361988,-2.4274,6.09909,0.3,0.05,-0.317463,-2.43357,6.10788
-0.367017,-2.43158,6.09809,0.3,0.05,-0.292745,-2.43942,6.11355
-0.36954,-2.43352,6.09759,0.3,0.05,-0.322102,-2.43886,6.10728
-0.372134,-2.43584,6.09709,0.3,0.05,-0.324139,-2.44159,6.10686
-0.377281,-2.44007,6.09609,0.3,0.05,-0.325709,-2.44285,6.10658
-0.379846,-2.4419,6.09559,0.3,0.05,-0.32931,-2.44533,6.10581
-0.382323,-2.4431,6.09509,0.3,0.05,-0.334539,-2.44901,6.1046
-0.387543,-2.44719,6.09409,0.3,0.05,-0.336318,-2.45024,6.104
-0.390197,-2.44929,6.09359,0.3,0.05,-0.325342,-2.45535,6.10663
-0.392866,-2.4514,6.09309,0.3,0.05,-0.31706,-2.45855,6.10858
-0.395466,-2.45271,6.09258,0.3,0.05,-0.344794,-2.45802,6.10273
-0.398022,-2.45427,6.0921,0.3,0.05,-0.347055,-2.46068,6.10218
-0.403141,-2.4569,6.0911,0.3,0.05,-0.348681,-2.46192,6.10191
-0.40554,-2.45713,6.0906,0.3,0.05,-0.352078,-2.46438,6.1013
-0.408091,-2.4583,6.0901,0.3,0.05,-0.357751,-2.46806,6.10009
-0.413238,-2.46087,6.0891,0.3,0.05,-0.359563,-2.46923,6.09933
-0.415755,-2.46177,6.08859,0.3,0.05,-0.363381,-2.47171,6.09868
-0.41833,-2.46299,6.08809,0.3,0.05,-0.368559,-2.47543,6.0978
-0.423525,-2.46555,6.08709,0.3,0.05,-0.368534,-2.47691,6.09817
-0.426028,-2.46628,6.08659,0.3,0.05,-0.371003,-2.47948,6.09751
-0.428566,-2.4672,6.08609,0.3,0.05,-0.372742,-2.48074,6.0973
-0.431069,-2.46791,6.08559,0.3,0.05,-0.376253,-2.48321,6.09674
-0.433637,-2.46898,6.08509,0.3,0.05,-0.377967,-2.48443,6.09647
-0.43627,-2.4704,6.08459,0.3,0.05,-0.381951,-2.48681,6.09566
-0.439181,-2.47332,6.08408,0.3,0.05,-0.385851,-2.48917,6.09444
-0.442137,-2.47555,6.08355,0.3,0.05,-0.387799,-2.49035,6.09414
-0.444794,-2.47766,6.08308,0.3,0.05,-0.389724,-2.49154,6.0938
-0.447669,-2.47981,6.08257,0.3,0.05,-0.393254,-2.49399,6.09326
-0.450423,-2.48175,6.08208,0.3,0.05,-0.396052,-2.49802,6.0929
-0.45616,-2.486,6.08108,0.3,0.05,-0.401494,-2.50169,6.09206
-0.461966,-2.49029,6.08008,0.3,0.05,-0.403259,-2.50284,6.09179
-0.464912,-2.49256,6.07958,0.3,0.05,-0.408538,-2.50499,6.09055
-0.468013,-2.49528,6.07906,0.3,0.05,-0.410736,-2.50616,6.0899
-0.470916,-2.49738,6.07857,0.3,0.05,-0.414901,-2.5085,6.08883
-0.473972,-2.49994,6.07807,0.3,0.05,-0.390691,-2.51475,6.09458
-0.477011,-2.5023,6.07757,0.3,0.05,-0.422632,-2.51318,6.08762
-0.480063,-2.50464,6.07707,0.3,0.05,-0.426562,-2.51559,6.08657
-0.48627,-2.50961,6.07608,0.3,0.05,-0.42843,-2.51677,6.08617
-0.489491,-2.51248,6.07558,0.3,0.05,-0.43223,-2.51916,6.08562
-0.492651,-2.51492,6.07508,0.3,0.05,-0.438356,-2.52264,6.08463
-0.498917,-2.51914,6.07407,0.3,0.05,-0.446667,-2.52572,6.08216
-0.50513,-2.52332,6.07308,0.3,0.05,-0.448735,-2.52682,6.0818
-0.508198,-2.52485,6.07258,0.3,0.05,-0.440105,-2.53179,6.08414
-0.511254,-2.52627,6.07208,0.3,0.05,-0.458813,-2.53269,6.08005
-0.51752,-2.52993,6.07109,0.3,0.05,-0.464767,-2.53619,6.07887
-0.523848,-2.53363,6.07009,0.3,0.05,-0.466672,-2.53731,6.07862
-0.527044,-2.5354,6.06959,0.3,0.05,-0.470818,-2.53966,6.07803
-0.530265,-2.53724,6.06909,0.3,0.05,-0.472941,-2.54073,6.07765
-0.533447,-2.53882,6.0686,0.3,0.05,-0.479431,-2.54258,6.07556
-0.536736,-2.54059,6.06809,0.3,0.05,-0.486034,-2.54599,6.07447
-0.542934,-2.54323,6.0671,0.3,0.05,-0.48777,-2.54713,6.0743
-0.546041,-2.54428,6.0666,0.3,0.05,-0.492057,-2.54944,6.07356
-0.549205,-2.54556,6.0661,0.3,0.05,-0.494073,-2.55053,6.07289
-0.552498,-2.5474,6.06561,0.3,0.05,-0.48542,-2.5556,6.07517
-0.555825,-2.54933,6.06511,0.3,0.05,-0.504097,-2.55631,6.07144
-0.562272,-2.55228,6.06411,0.3,0.05,-0.480926,-2.56283,6.07651
-0.565463,-2.55317,6.0636,0.3,0.05,-0.498746,-2.5622,6.0725
-0.568523,-2.55397,6.06311,0.3,0.05,-0.519968,-2.56239,6.06786
-0.574995,-2.55674,6.06211,0.3,0.05,-0.526251,-2.5658,6.06704
-0.581398,-2.55904,6.06112,0.3,0.05,-0.502288,-2.57257,6.07224
-0.584612,-2.56012,6.06062,0.3,0.05,-0.534932,-2.5702,6.06527
-0.587838,-2.56122,6.06012,0.3,0.05,-0.539377,-2.57244,6.06501
-0.59426,-2.56334,6.05912,0.3,0.05,-0.541407,-2.57345,6.06476
-0.597621,-2.56495,6.05862,0.3,0.05,-0.54603,-2.57563,6.06402
-0.600992,-2.56654,6.05812,0.3,0.05,-0.548808,-2.57652,6.06341
-0.60434,-2.56798,6.05762,0.3,0.05,-0.55665,-2.57952,6.06229
-0.60773,-2.56955,6.05712,0.3,0.05,-0.561223,-2.58164,6.06169
-0.614561,-2.57262,6.05611,0.3,0.05,-0.567929,-2.58475,6.06062
-0.621361,-2.5756,6.05511,0.3,0.05,-0.570227,-2.58582,6.06025
-0.624877,-2.57769,6.05463,0.3,0.05,-0.562323,-2.59072,6.0629
-0.628436,-2.57963,6.05413,0.3,0.05,-0.550462,-2.59484,6.06582
-0.632126,-2.58178,6.05362,0.3,0.05,-0.568688,-2.59388,6.06199
-0.635653,-2.5837,6.05313,0.3,0.05,-0.590222,-2.59365,6.05726
-0.642524,-2.58627,6.05213,0.3,0.05,-0.592134,-2.59473,6.05715
-0.645999,-2.58759,6.05163,0.3,0.05,-0.596823,-2.59669,6.05681
-0.649221,-2.58785,6.05113,0.3,0.05,-0.603928,-2.59968,6.05572
-0.655992,-2.58978,6.05013,0.3,0.05,-0.606243,-2.60066,6.05536
-0.659437,-2.59089,6.04964,0.3,0.05,-0.610947,-2.60264,6.05479
-0.662868,-2.5919,6.04914,0.3,0.05,-0.613209,-2.60357,6.05475
-0.666323,-2.59298,6.04864,0.3,0.05,-0.620237,-2.60648,6.05378
-0.6697,-2.59373,6.04814,0.3,0.05,-0.62824,-2.6091,6.05233
-0.676489,-2.59538,6.04714,0.3,0.05,-0.636104,-2.61175,6.05149
-0.683431,-2.59728,6.04613,0.3,0.05,-0.643391,-2.61452,6.05037
-0.690334,-2.59939,6.04514,0.3,0.05,-0.64825,-2.61637,6.04964
-0.697423,-2.60183,6.04414,0.3,0.05,-0.624636,-2.62338,6.05572
-0.700972,-2.603,6.04364,0.3,0.05,-0.642706,-2.62213,6.05198
-0.704655,-2.60463,6.04314,0.3,0.05,-0.631854,-2.62614,6.05469
-0.708363,-2.6063,6.04264,0.3,0.05,-0.649061,-2.62506,6.05122
-0.712188,-2.60833,6.04214,0.3,0.05,-0.671222,-2.62414,6.04672
-0.719463,-2.61089,6.04114,0.3,0.05,-0.678802,-2.62674,6.04579
-0.726857,-2.61301,6.04011,0.3,0.05,-0.681283,-2.62759,6.04543
-0.730271,-2.61406,6.03964,0.3,0.05,-0.673496,-2.63239,6.04766
-0.733634,-2.61419,6.03914,0.3,0.05,-0.693805,-2.63183,6.04405
-0.740722,-2.61572,6.03813,0.3,0.05,-0.700565,-2.63451,6.04326
-0.747902,-2.61748,6.03713,0.3,0.05,-0.676782,-2.64169,6.04908
-0.751326,-2.61776,6.03663,0.3,0.05,-0.69498,-2.64011,6.04551
-0.754746,-2.61802,6.03613,0.3,0.05,-0.71703,-2.63899,6.04092
-0.762,-2.61986,6.03513,0.3,0.05,-0.724692,-2.6413,6.03983
-0.769515,-2.62225,6.03412,0.3,0.05,-0.732497,-2.64364,6.03908
-0.776959,-2.62469,6.03313,0.3,0.05,-0.734944,-2.64438,6.03865
-0.780521,-2.62523,6.03263,0.3,0.05,-0.739363,-2.64616,6.03827
-0.784207,-2.62617,6.03212,0.3,0.05,-0.741184,-2.64711,6.0382
-0.787691,-2.6264,6.03162,0.3,0.05,-0.733363,-2.65185,6.04055
-0.791423,-2.62745,6.03112,0.3,0.05,-0.723302,-2.65567,6.04329
-0.795233,-2.62872,6.03062,0.3,0.05,-0.74344,-2.65342,6.03893
-0.79888,-2.62942,6.03012,0.3,0.05,-0.732424,-2.65747,6.04172
-0.802432,-2.62978,6.02962,0.3,0.05,-0.750543,-2.65572,6.03801
-0.806143,-2.63065,6.02912,0.3,0.05,-0.771714,-2.65453,6.03389
-0.813623,-2.63241,6.02811,0.3,0.05,-0.77425,-2.6552,6.03378
-0.817445,-2.63355,6.02761,0.3,0.05,-0.778682,-2.65683,6.03341
-0.821327,-2.63485,6.02711,0.3,0.05,-0.785483,-2.65918,6.03277
-0.829254,-2.63774,6.02611,0.3,0.05,-0.788,-2.65987,6.03246
-0.833318,-2.63945,6.02561,0.3,0.05,-0.797866,-2.66131,6.03096
-0.837339,-2.64098,6.02511,0.3,0.05,-0.803338,-2.66257,6.03023
-0.845456,-2.64406,6.02411,0.3,0.05,-0.806031,-2.66319,6.02986
-0.84966,-2.64597,6.02361,0.3,0.05,-0.811399,-2.66442,6.02912
-0.853628,-2.6471,6.02311,0.3,0.05,-0.814139,-2.66505,6.02875
-0.85756,-2.64807,6.02261,0.3,0.05,-0.820413,-2.66739,6.02861
-0.861428,-2.64881,6.02211,0.3,0.05,-0.812802,-2.67203,6.031
-0.869177,-2.65026,6.0211,0.3,0.05,-0.802574,-2.67594,6.03358
-0.872963,-2.65068,6.0206,0.3,0.05,-0.820724,-2.67382,6.03018
-0.876601,-2.65063,6.0201,0.3,0.05,-0.843389,-2.67169,6.02552
-0.884509,-2.65239,6.0191,0.3,0.05,-0.82065,-2.67887,6.03109
-0.888711,-2.65396,6.0186,0.3,0.05,-0.838529,-2.67674,6.02744
-0.892914,-2.65548,6.0181,0.3,0.05,-0.858927,-2.67526,6.02391
-0.900972,-2.65736,6.0171,0.3,0.05,-0.834554,-2.68288,6.03001
-0.90507,-2.65845,6.0166,0.3,0.05,-0.85335,-2.68054,6.02627
-0.909377,-2.6601,6.0161,0.3,0.05,-0.873458,-2.67893,6.02237
-0.917844,-2.66263,6.01509,0.3,0.05,-0.883891,-2.67976,6.02087
-0.926168,-2.665,6.0141,0.3,0.05,-0.886616,-2.6802,6.02052
-0.930816,-2.66736,6.01361,0.3,0.05,-0.892423,-2.68113,6.01976
-0.935601,-2.67003,6.01311,0.3,0.05,-0.895202,-2.68158,6.01938
-0.940431,-2.67273,6.01261,0.3,0.05,-0.89962,-2.68286,6.01901
-0.945041,-2.6745,6.0121,0.3,0.05,-0.901202,-2.68368,6.01919
-0.949184,-2.67534,6.01161,0.3,0.05,-0.907,-2.68458,6.01853
-0.953448,-2.67625,6.01112,0.3,0.05,-0.909533,-2.68505,6.01826
-0.957686,-2.67685,6.01061,0.3,0.05,-0.914854,-2.68602,6.01761
-0.961911,-2.6776,6.01011,0.3,0.05,-0.917615,-2.68648,6.01713
-0.966131,-2.67851,6.00962,0.3,0.05,-0.924053,-2.68704,6.01641
-0.970405,-2.67933,6.00913,0.3,0.05,-0.927667,-2.68715,6.01577
-0.974663,-2.68006,6.00863,0.3,0.05,-0.936295,-2.68828,6.01468
-0.979112,-2.68107,6.00812,0.3,0.05,-0.940731,-2.68948,6.01418
-0.987479,-2.68235,6.00714,0.3,0.05,-0.942806,-2.6901,6.0143
-0.991556,-2.68247,6.00664,0.3,0.05,-0.950938,-2.69132,6.01353
-0.995886,-2.68303,6.00613,0.3,0.05,-0.956354,-2.69213,6.01292
-1.00445,-2.68463,6.00514,0.3,0.05,-0.964665,-2.69324,6.01195
-1.01313,-2.68617,6.00415,0.3,0.05,-0.967857,-2.69338,6.0115
-1.01763,-2.68724,6.00365,0.3,0.05,-0.974819,-2.69361,6.0104
-1.02214,-2.68826,6.00316,0.3,0.05,-0.977621,-2.69389,6.01005
-1.02638,-2.68853,6.00266,0.3,0.05,-0.982077,-2.69497,6.00956
-1.03065,-2.68889,6.00216,0.3,0.05,-0.984112,-2.69555,6.00947
-1.03513,-2.68976,6.00167,0.3,0.05,-0.992436,-2.69651,6.00886
-1.03947,-2.6902,6.00117,0.3,0.05,-0.984909,-2.7008,6.01114
-1.04793,-2.69069,6.00017,0.3,0.05,-1.00627,-2.69805,6.00705
-1.05658,-2.69159,5.99918,0.3,0.05,-1.01641,-2.69825,6.0058
-1.06499,-2.69179,5.99818,0.3,0.05,-1.0237,-2.69944,6.00503
-1.07324,-2.69152,5.99718,0.3,0.05,-1.03142,-2.7004,6.00452
-1.08161,-2.6915,5.99619,0.3,0.05,-1.03429,-2.70063,6.00422
-1.0861,-2.69214,5.99569,0.3,0.05,-1.02718,-2.7047,6.00654
-1.09057,-2.69249,5.99518,0.3,0.05,-1.04825,-2.70174,6.00242
-1.09896,-2.69256,5.9942,0.3,0.05,-1.05105,-2.70194,6.0021
-1.10311,-2.69227,5.9937,0.3,0.05,-1.0609,-2.70197,6.00096
-1.10717,-2.69177,5.9932,0.3,0.05,-1.05205,-2.70663,6.00361
-1.11575,-2.69198,5.9922,0.3,0.05,-1.07342,-2.70346,5.99967
-1.12429,-2.69203,5.99121,0.3,0.05,-1.07627,-2.70359,5.9996
-1.12861,-2.6921,5.99071,0.3,0.05,-1.0821,-2.70387,5.99901
-1.13311,-2.69253,5.99021,0.3,0.05,-1.08483,-2.704,5.99869
-1.13761,-2.69298,5.98971,0.3,0.05,-1.09064,-2.70427,5.99778
-1.14237,-2.69399,5.98922,0.3,0.05,-1.09337,-2.70439,5.99743
-1.1473,-2.69535,5.98872,0.3,0.05,-1.10211,-2.70465,5.99673
-1.15202,-2.69615,5.98822,0.3,0.05,-1.10872,-2.70564,5.99619
-1.16117,-2.69717,5.98723,0.3,0.05,-1.11494,-2.70565,5.99534
-1.17066,-2.69883,5.98623,0.3,0.05,-1.11791,-2.7057,5.99506
-1.17557,-2.69987,5.98574,0.3,0.05,-1.12367,-2.70579,5.99466
-1.18049,-2.70068,5.98523,0.3,0.05,-1.12653,-2.70583,5.99436
-1.18516,-2.70128,5.98475,0.3,0.05,-1.13244,-2.7059,5.99342
-1.1899,-2.70161,5.98424,0.3,0.05,-1.13529,-2.70594,5.99306
-1.19484,-2.70275,5.98376,0.3,0.05,-1.14367,-2.70602,5.99238
-1.19938,-2.70273,5.98326,0.3,0.05,-1.13572,-2.71036,5.99499
-1.20812,-2.70216,5.98227,0.3,0.05,-1.15716,-2.70654,5.99093
-1.21696,-2.70176,5.98127,0.3,0.05,-1.1599,-2.7065,5.99058
-1.22168,-2.70189,5.98077,0.3,0.05,-1.16592,-2.7064,5.99017
-1.22607,-2.70164,5.98028,0.3,0.05,-1.16874,-2.70635,5.98989
-1.23048,-2.70103,5.97978,0.3,0.05,-1.17464,-2.70623,5.98896
-1.23489,-2.70062,5.97928,0.3,0.05,-1.17714,-2.7063,5.98869
-1.23942,-2.70025,5.97878,0.3,0.05,-1.18618,-2.70603,5.98774
-1.24354,-2.69957,5.9783,0.3,0.05,-1.18995,-2.70676,5.98801
-1.25186,-2.69782,5.97731,0.3,0.05,-1.19937,-2.70619,5.98649
-1.26011,-2.69591,5.97631,0.3,0.05,-1.20232,-2.70606,5.9861
-1.26404,-2.69447,5.97581,0.3,0.05,-1.20832,-2.70578,5.98558
-1.2682,-2.69352,5.97532,0.3,0.05,-1.21118,-2.70563,5.98534
-1.27252,-2.69273,5.97481,0.3,0.05,-1.20503,-2.70907,5.98725
-1.27664,-2.69188,5.97432,0.3,0.05,-1.19411,-2.71311,5.99011
-1.28096,-2.69127,5.97383,0.3,0.05,-1.2288,-2.70477,5.98302
-1.28537,-2.69083,5.97333,0.3,0.05,-1.21985,-2.70935,5.98627
-1.29375,-2.68916,5.97233,0.3,0.05,-1.20947,-2.71332,5.98907
-1.29803,-2.68844,5.97184,0.3,0.05,-1.2442,-2.7047,5.98183
-1.30218,-2.68745,5.97134,0.3,0.05,-1.25015,-2.70424,5.9811
-1.31091,-2.68646,5.97034,0.3,0.05,-1.25314,-2.704,5.98097
-1.31511,-2.68536,5.96983,0.3,0.05,-1.25881,-2.70362,5.9801
-1.3193,-2.68442,5.96933,0.3,0.05,-1.26215,-2.70325,5.97966
-1.32334,-2.68339,5.96885,0.3,0.05,-1.2682,-2.70276,5.97893
-1.32732,-2.68202,5.96835,0.3,0.05,-1.24506,-2.71061,5.98497
-1.3315,-2.68109,5.96785,0.3,0.05,-1.2766,-2.70327,5.97896
-1.33545,-2.67969,5.96735,0.3,0.05,-1.26948,-2.70683,5.9812
-1.34398,-2.67822,5.96635,0.3,0.05,-1.29215,-2.70153,5.97679
-1.35232,-2.67635,5.96535,0.3,0.05,-1.29468,-2.70133,5.97655
-1.3561,-2.67462,5.96485,0.3,0.05,-1.30426,-2.70016,5.97529
-1.35951,-2.67217,5.96435,0.3,0.05,-1.31029,-2.69948,5.97457
-1.36755,-2.66978,5.96335,0.3,0.05,-1.31611,-2.69984,5.97459
-1.37601,-2.66817,5.96235,0.3,0.05,-1.31879,-2.69971,5.97457
-1.38019,-2.66729,5.96185,0.3,0.05,-1.32451,-2.69911,5.97366
-1.38434,-2.66634,5.96135,0.3,0.05,-1.30182,-2.70685,5.97935
-1.38824,-2.6649,5.96085,0.3,0.05,-1.33655,-2.6974,5.97211
-1.39203,-2.66326,5.96035,0.3,0.05,-1.34309,-2.69639,5.9713
-1.4002,-2.66108,5.95934,0.3,0.05,-1.34612,-2.69595,5.97076
-1.40389,-2.65928,5.95884,0.3,0.05,-1.35512,-2.69468,5.96971
-1.40778,-2.65787,5.95834,0.3,0.05,-1.3585,-2.69513,5.96996
-1.41609,-2.65598,5.95734,0.3,0.05,-1.33577,-2.70304,5.97565
-1.42016,-2.65491,5.95684,0.3,0.05,-1.35353,-2.69844,5.97221
-1.4242,-2.65377,5.95633,0.3,0.05,-1.3756,-2.6928,5.96807
-1.43247,-2.65178,5.95533,0.3,0.05,-1.38484,-2.69117,5.96686
-1.44082,-2.6499,5.95433,0.3,0.05,-1.388,-2.69061,5.96633
-1.44471,-2.64849,5.95382,0.3,0.05,-1.38114,-2.69378,5.96869
-1.4489,-2.64763,5.95332,0.3,0.05,-1.4003,-2.68941,5.96558
-1.45726,-2.64555,5.95231,0.3,0.05,-1.40261,-2.68919,5.96544
-1.46141,-2.64479,5.95181,0.3,0.05,-1.40842,-2.68825,5.96468
-1.46598,-2.64459,5.95131,0.3,0.05,-1.41115,-2.6878,5.96442
-1.47077,-2.64476,5.95081,0.3,0.05,-1.41706,-2.68678,5.9638
-1.47551,-2.64481,5.9503,0.3,0.05,-1.42011,-2.68617,5.96342
-1.48025,-2.64482,5.9498,0.3,0.05,-1.41442,-2.6888,5.96511
-1.48466,-2.64422,5.9493,0.3,0.05,-1.40374,-2.69267,5.96809
-1.4892,-2.64383,5.94879,0.3,0.05,-1.43864,-2.68233,5.96089
-1.49381,-2.64339,5.94828,0.3,0.05,-1.44188,-2.68256,5.9612
-1.50265,-2.64218,5.94729,0.3,0.05,-1.45014,-2.6811,5.96015
-1.51145,-2.64066,5.94629,0.3,0.05,-1.45872,-2.67941,5.95934
-1.52006,-2.63879,5.94528,0.3,0.05,-1.46161,-2.67881,5.95903
-1.52464,-2.63834,5.94478,0.3,0.05,-1.4709,-2.6766,5.95755
-1.52922,-2.63786,5.94428,0.3,0.05,-1.48017,-2.67444,5.95652
-1.53785,-2.63591,5.94328,0.3,0.05,-1.48332,-2.67459,5.95688
-1.54654,-2.63401,5.94228,0.3,0.05,-1.49165,-2.67281,5.95565
-1.55514,-2.63192,5.94127,0.3,0.05,-1.49449,-2.67217,5.95548
-1.55946,-2.63091,5.94077,0.3,0.05,-1.50023,-2.67086,5.95492
-1.56332,-2.62914,5.94027,0.3,0.05,-1.50299,-2.67021,5.95465
-1.56725,-2.62749,5.93977,0.3,0.05,-1.50894,-2.66877,5.95399
-1.5712,-2.62587,5.93927,0.3,0.05,-1.51226,-2.66781,5.95335
-1.5753,-2.62434,5.93875,0.3,0.05,-1.50627,-2.67037,5.95532
-1.57903,-2.62253,5.93826,0.3,0.05,-1.49555,-2.67423,5.95826
-1.5832,-2.62129,5.93776,0.3,0.05,-1.52695,-2.66494,5.95228
-1.58719,-2.61976,5.93726,0.3,0.05,-1.53275,-2.66345,5.95131
-1.59568,-2.61742,5.93625,0.3,0.05,-1.5356,-2.66272,5.95087
-1.60007,-2.61651,5.93575,0.3,0.05,-1.54136,-2.66122,5.95038
-1.60476,-2.61609,5.93525,0.3,0.05,-1.54419,-2.66048,5.95011
-1.60944,-2.61563,5.93475,0.3,0.05,-1.538,-2.66307,5.95232
-1.6143,-2.61543,5.93424,0.3,0.05,-1.55912,-2.65628,5.94789
-1.62317,-2.61353,5.93324,0.3,0.05,-1.56171,-2.65556,5.94776
-1.62772,-2.61275,5.93274,0.3,0.05,-1.56514,-2.65536,5.94807
-1.6323,-2.61204,5.93224,0.3,0.05,-1.56777,-2.65467,5.94785
-1.6373,-2.61195,5.93174,0.3,0.05,-1.57367,-2.65297,5.94701
-1.64239,-2.61181,5.93123,0.3,0.05,-1.57644,-2.65217,5.94643
-1.64731,-2.61169,5.93073,0.3,0.05,-1.58504,-2.64966,5.9456
-1.65234,-2.61156,5.93023,0.3,0.05,-1.59087,-2.64793,5.94502
-1.66197,-2.61036,5.92922,0.3,0.05,-1.59961,-2.64525,5.94354
-1.67112,-2.60864,5.92824,0.3,0.05,-1.6058,-2.64399,5.94356
-1.68038,-2.60653,5.92722,0.3,0.05,-1.58329,-2.652,5.94931
-1.68484,-2.60565,5.92674,0.3,0.05,-1.6172,-2.64038,5.9419
-1.69003,-2.6054,5.92623,0.3,0.05,-1.62306,-2.63849,5.94118
-1.6991,-2.60334,5.92524,0.3,0.05,-1.60105,-2.64634,5.94697
-1.70362,-2.60215,5.92474,0.3,0.05,-1.61874,-2.64027,5.94348
-1.70828,-2.60117,5.92424,0.3,0.05,-1.64023,-2.63283,5.93899
-1.71721,-2.59862,5.92325,0.3,0.05,-1.64287,-2.632,5.93869
-1.72175,-2.5974,5.92275,0.3,0.05,-1.65012,-2.62984,5.93831
-1.72623,-2.59608,5.92225,0.3,0.05,-1.65603,-2.62776,5.93764
-1.73501,-2.59323,5.92125,0.3,0.05,-1.65891,-2.62673,5.93693
-1.73973,-2.59224,5.92076,0.3,0.05,-1.6646,-2.62471,5.93614
-1.74388,-2.59038,5.92026,0.3,0.05,-1.66753,-2.62367,5.93581
-1.74804,-2.58854,5.91976,0.3,0.05,-1.67327,-2.62161,5.93529
-1.75246,-2.58706,5.91926,0.3,0.05,-1.67609,-2.62059,5.935
-1.75692,-2.58567,5.91877,0.3,0.05,-1.68176,-2.61852,5.93391
-1.76151,-2.58443,5.91827,0.3,0.05,-1.68462,-2.61746,5.93353
-1.76585,-2.58266,5.91776,0.3,0.05,-1.69215,-2.61411,5.93212
-1.77001,-2.58093,5.91727,0.3,0.05,-1.6953,-2.61284,5.93175
-1.77411,-2.57897,5.91678,0.3,0.05,-1.70407,-2.60948,5.9305
-1.77821,-2.577,5.91628,0.3,0.05,-1.71268,-2.60616,5.9292
-1.78618,-2.57267,5.91527,0.3,0.05,-1.71841,-2.60394,5.92864
-1.79409,-2.56858,5.91428,0.3,0.05,-1.72113,-2.60288,5.92836
-1.79772,-2.56595,5.91379,0.3,0.05,-1.72688,-2.60063,5.92732
-1.80117,-2.56311,5.91329,0.3,0.05,-1.72964,-2.59955,5.92696
-1.80456,-2.56018,5.91279,0.3,0.05,-1.73512,-2.59738,5.92626
-1.80873,-2.55776,5.91225,0.3,0.05,-1.7457,-2.59251,5.9246
-1.81681,-2.55444,5.91129,0.3,0.05,-1.75424,-2.58897,5.9231
-1.82513,-2.55083,5.91029,0.3,0.05,-1.75706,-2.5878,5.92271
-1.82936,-2.54895,5.90978,0.3,0.05,-1.76556,-2.58423,5.92178
-1.83331,-2.54682,5.90928,0.3,0.05,-1.77127,-2.58183,5.92085
-1.84112,-2.54263,5.90829,0.3,0.05,-1.77389,-2.58074,5.92042
-1.84556,-2.5412,5.9078,0.3,0.05,-1.77903,-2.57868,5.91989
-1.85016,-2.53996,5.9073,0.3,0.05,-1.78941,-2.57359,5.91815
-1.85911,-2.53713,5.9063,0.3,0.05,-1.79795,-2.56979,5.91668
-1.86736,-2.5333,5.9053,0.3,0.05,-1.80651,-2.56596,5.91552
-1.87542,-2.52921,5.9043,0.3,0.05,-1.8093,-2.5647,5.91526
-1.87944,-2.52712,5.9038,0.3,0.05,-1.8149,-2.56217,5.91448
-1.88373,-2.52539,5.9033,0.3,0.05,-1.81713,-2.56115,5.91401
-1.88785,-2.52343,5.90281,0.3,0.05,-1.82235,-2.55897,5.91347
-1.89218,-2.52175,5.90231,0.3,0.05,-1.82498,-2.55778,5.91314
-1.89664,-2.52022,5.90181,0.3,0.05,-1.8314,-2.55456,5.91218
-1.9004,-2.51775,5.90131,0.3,0.05,-1.81041,-2.56203,5.91702
-1.90459,-2.51587,5.90081,0.3,0.05,-1.84388,-2.54832,5.90987
-1.90844,-2.51353,5.90031,0.3,0.05,-1.8522,-2.54432,5.90873
-1.91641,-2.50925,5.89932,0.3,0.05,-1.84561,-2.5464,5.91067
-1.92369,-2.50409,5.89832,0.3,0.05,-1.86515,-2.53825,5.907
-1.93144,-2.49956,5.89732,0.3,0.05,-1.8678,-2.53699,5.90668
-1.93516,-2.49708,5.89682,0.3,0.05,-1.87304,-2.53444,5.90604
-1.93899,-2.49474,5.89632,0.3,0.05,-1.87631,-2.53265,5.90554
-1.94207,-2.49145,5.89582,0.3,0.05,-1.88612,-2.52732,5.90347
-1.94541,-2.48851,5.89532,0.3,0.05,-1.89447,-2.52303,5.9023
-1.95299,-2.48368,5.89431,0.3,0.05,-1.90007,-2.52015,5.90161
-1.96009,-2.47855,5.89332,0.3,0.05,-1.90226,-2.519,5.90107
-1.96333,-2.47553,5.89282,0.3,0.05,-1.9073,-2.51663,5.90056
-1.9664,-2.47232,5.89232,0.3,0.05,-1.91491,-2.51274,5.89964
-1.97355,-2.46718,5.89132,0.3,0.05,-1.91759,-2.51133,5.8993
-1.97691,-2.46438,5.89082,0.3,0.05,-1.92766,-2.50545,5.89703
-1.98036,-2.46169,5.89032,0.3,0.05,-1.93331,-2.50238,5.89624
-1.98792,-2.4571,5.88931,0.3,0.05,-1.93558,-2.50109,5.89595
-1.99163,-2.45475,5.88881,0.3,0.05,-1.9415,-2.49791,5.89508
-1.99512,-2.45213,5.88831,0.3,0.05,-1.94402,-2.49654,5.89459
-1.99867,-2.44944,5.8878,0.3,0.05,-1.95109,-2.49289,5.89378
-2.00169,-2.44639,5.88731,0.3,0.05,-1.95859,-2.4888,5.89287
-2.00895,-2.44149,5.88631,0.3,0.05,-1.9681,-2.48308,5.89096
-2.01623,-2.43663,5.8853,0.3,0.05,-1.96181,-2.48461,5.89299
-2.02308,-2.43127,5.8843,0.3,0.05,-1.95195,-2.4882,5.89566
-2.02641,-2.42852,5.8838,0.3,0.05,-1.96995,-2.47992,5.89207
-2.02948,-2.42545,5.8833,0.3,0.05,-1.98899,-2.47109,5.8886
-2.03653,-2.42039,5.88229,0.3,0.05,-1.99148,-2.46964,5.8883
-2.04031,-2.4182,5.88179,0.3,0.05,-1.98343,-2.47219,5.89086
-2.04403,-2.41595,5.88129,0.3,0.05,-2.00394,-2.46235,5.88698
-2.05148,-2.41135,5.88029,0.3,0.05,-2.0067,-2.46066,5.88671
-2.05494,-2.40879,5.87978,0.3,0.05,-2.01597,-2.45448,5.88498
-2.05883,-2.40673,5.87928,0.3,0.05,-2.02415,-2.44947,5.8838
-2.06623,-2.40206,5.87828,0.3,0.05,-2.0308,-2.44551,5.8835
-2.07316,-2.39686,5.87728,0.3,0.05,-2.03574,-2.44242,5.8829
-2.08016,-2.39174,5.87627,0.3,0.05,-2.03823,-2.44085,5.88259
-2.08374,-2.38933,5.87577,0.3,0.05,-2.04314,-2.43774,5.88195
-2.08632,-2.38577,5.87527,0.3,0.05,-2.05153,-2.43212,5.88088
-2.09256,-2.37986,5.87426,0.3,0.05,-2.05514,-2.42953,5.8801
-2.09543,-2.37656,5.87375,0.3,0.05,-2.06027,-2.42613,5.87936
-2.09843,-2.37367,5.87326,0.3,0.05,-2.06268,-2.42454,5.87903
-2.10189,-2.37119,5.87275,0.3,0.05,-2.06919,-2.42036,5.87873
-2.10532,-2.36868,5.87225,0.3,0.05,-2.07406,-2.4171,5.87813
-2.11251,-2.36391,5.87124,0.3,0.05,-2.08124,-2.41223,5.87719
-2.11993,-2.35938,5.87024,0.3,0.05,-2.08355,-2.41066,5.87684
-2.12397,-2.35752,5.86974,0.3,0.05,-2.09163,-2.40493,5.87588
-2.12808,-2.35574,5.86923,0.3,0.05,-2.09779,-2.40036,5.87469
-2.13541,-2.35107,5.86823,0.3,0.05,-2.10012,-2.39873,5.87438
-2.13935,-2.34907,5.86773,0.3,0.05,-2.0919,-2.40135,5.87728
-2.14329,-2.34706,5.86723,0.3,0.05,-2.0818,-2.405,5.88005
-2.1475,-2.34534,5.86672,0.3,0.05,-2.09906,-2.39623,5.87636
-2.15189,-2.3438,5.86622,0.3,0.05,-2.11777,-2.3861,5.87254
-2.15986,-2.33971,5.86522,0.3,0.05,-2.12046,-2.38425,5.87203
-2.16382,-2.33765,5.86472,0.3,0.05,-2.12769,-2.37893,5.87138
-2.16749,-2.33528,5.86422,0.3,0.05,-2.13403,-2.37391,5.87006
-2.17489,-2.33053,5.86322,0.3,0.05,-2.1363,-2.3722,5.86977
-2.17925,-2.32887,5.86272,0.3,0.05,-2.14221,-2.36784,5.86909
-2.18314,-2.32669,5.86222,0.3,0.05,-2.147,-2.36419,5.86873
-2.19009,-2.32141,5.86122,0.3,0.05,-2.12435,-2.37333,5.87459
-2.19358,-2.3188,5.86072,0.3,0.05,-2.14187,-2.36413,5.87068
-2.19686,-2.31596,5.86022,0.3,0.05,-2.16073,-2.35354,5.86675
-2.20321,-2.31008,5.85921,0.3,0.05,-2.1631,-2.35168,5.8667
-2.20609,-2.30684,5.85871,0.3,0.05,-2.16795,-2.34778,5.86599
-2.20867,-2.30331,5.85821,0.3,0.05,-2.14691,-2.35581,5.87113
-2.21145,-2.3,5.85771,0.3,0.05,-2.17654,-2.34083,5.86468
-2.21446,-2.29694,5.85721,0.3,0.05,-2.16919,-2.34236,5.86731
-2.22144,-2.2918,5.85621,0.3,0.05,-2.15902,-2.34599,5.87009
-2.22555,-2.28987,5.85571,0.3,0.05,-2.18981,-2.32981,5.86313
-2.22928,-2.28755,5.85521,0.3,0.05,-2.18271,-2.33122,5.86531
-2.23616,-2.28215,5.8542,0.3,0.05,-2.2014,-2.32026,5.86164
-2.24258,-2.27652,5.85321,0.3,0.05,-2.20806,-2.31448,5.86053
-2.24942,-2.27121,5.85221,0.3,0.05,-2.2102,-2.31263,5.86016
-2.25304,-2.26876,5.85171,0.3,0.05,-2.21693,-2.3068,5.85941
-2.25676,-2.2664,5.85121,0.3,0.05,-2.22143,-2.30285,5.8588
-2.26414,-2.26147,5.8502,0.3,0.05,-2.19877,-2.3121,5.86442
-2.26785,-2.25919,5.84971,0.3,0.05,-2.21634,-2.30232,5.86048
-2.27206,-2.25729,5.84921,0.3,0.05,-2.23396,-2.29158,5.8571
-2.27953,-2.25252,5.84822,0.3,0.05,-2.23998,-2.28626,5.85636
-2.28585,-2.2466,5.84722,0.3,0.05,-2.24712,-2.27963,5.85486
-2.29174,-2.24027,5.84622,0.3,0.05,-2.24886,-2.27785,5.85484
-2.29447,-2.23676,5.84571,0.3,0.05,-2.25363,-2.27358,5.8542
-2.29709,-2.23342,5.84522,0.3,0.05,-2.25995,-2.26764,5.85305
-2.30276,-2.22694,5.84422,0.3,0.05,-2.26622,-2.26172,5.85229
-2.30786,-2.21997,5.84322,0.3,0.05,-2.2704,-2.25772,5.85231
-2.31326,-2.21334,5.84222,0.3,0.05,-2.27785,-2.25037,5.85053
-2.31852,-2.20648,5.84121,0.3,0.05,-2.27988,-2.24838,5.85017
-2.32079,-2.20292,5.84072,0.3,0.05,-2.28418,-2.24413,5.8498
-2.32398,-2.20011,5.84022,0.3,0.05,-2.28618,-2.24214,5.84951
-2.32734,-2.19747,5.83972,0.3,0.05,-2.29034,-2.23798,5.84866
-2.33042,-2.19445,5.83921,0.3,0.05,-2.29237,-2.23595,5.84829
-2.33356,-2.19172,5.83872,0.3,0.05,-2.29642,-2.23187,5.8476
-2.33651,-2.1887,5.83822,0.3,0.05,-2.27355,-2.24164,5.85394
-2.33945,-2.18566,5.83772,0.3,0.05,-2.28832,-2.23345,5.85076
-2.34261,-2.18284,5.83722,0.3,0.05,-2.30726,-2.22063,5.84628
-2.34875,-2.17702,5.83623,0.3,0.05,-2.30926,-2.21854,5.84589
-2.35156,-2.17388,5.83573,0.3,0.05,-2.31495,-2.21236,5.84528
-2.3547,-2.17104,5.83523,0.3,0.05,-2.31943,-2.20784,5.84433
-2.36079,-2.16509,5.83422,0.3,0.05,-2.32134,-2.2058,5.84396
-2.36367,-2.16212,5.83373,0.3,0.05,-2.32526,-2.20159,5.84323
-2.36658,-2.15908,5.83323,0.3,0.05,-2.32617,-2.20036,5.84329
-2.36915,-2.15574,5.83273,0.3,0.05,-2.3169,-2.20321,5.84646
-2.37221,-2.15284,5.83223,0.3,0.05,-2.33454,-2.19135,5.84244
-2.37817,-2.1468,5.83122,0.3,0.05,-2.33721,-2.18839,5.84171
-2.38094,-2.14365,5.83072,0.3,0.05,-2.34121,-2.18394,5.84096
-2.38406,-2.14081,5.83022,0.3,0.05,-2.34705,-2.1774,5.84003
-2.3896,-2.13453,5.82922,0.3,0.05,-2.34902,-2.17518,5.83966
-2.39219,-2.13134,5.82873,0.3,0.05,-2.35271,-2.17097,5.83895
-2.3945,-2.1278,5.82824,0.3,0.05,-2.35604,-2.16695,5.83925
-2.39975,-2.12121,5.82723,0.3,0.05,-2.3578,-2.1649,5.83895
-2.40195,-2.11772,5.82674,0.3,0.05,-2.36134,-2.16077,5.8382
-2.40424,-2.11408,5.82623,0.3,0.05,-2.36281,-2.15879,5.83793
-2.40679,-2.11092,5.82574,0.3,0.05,-2.36774,-2.15324,5.83669
-2.40946,-2.10775,5.82524,0.3,0.05,-2.36957,-2.15108,5.83641
-2.41255,-2.10484,5.82473,0.3,0.05,-2.37339,-2.14654,5.83579
-2.4155,-2.10203,5.82424,0.3,0.05,-2.37893,-2.13988,5.83466
-2.42221,-2.09691,5.82324,0.3,0.05,-2.35618,-2.14988,5.84071
-2.42573,-2.09445,5.82274,0.3,0.05,-2.38367,-2.13376,5.83465
-2.42876,-2.09157,5.82225,0.3,0.05,-2.38702,-2.1296,5.83391
-2.43434,-2.08544,5.82125,0.3,0.05,-2.36498,-2.13883,5.83949
-2.43714,-2.08236,5.82075,0.3,0.05,-2.39435,-2.12018,5.83224
-2.44018,-2.07948,5.82025,0.3,0.05,-2.39844,-2.11532,5.83156
-2.44558,-2.07322,5.81926,0.3,0.05,-2.40374,-2.10856,5.83035
-2.45109,-2.06705,5.81826,0.3,0.05,-2.40657,-2.10447,5.83033
-2.45616,-2.06053,5.81726,0.3,0.05,-2.38412,-2.11399,5.83606
-2.45898,-2.05749,5.81676,0.3,0.05,-2.41298,-2.09602,5.82915
-2.46184,-2.05447,5.81627,0.3,0.05,-2.40405,-2.0976,5.83154
-2.46729,-2.04819,5.81526,0.3,0.05,-2.42209,-2.08395,5.82724
-2.47208,-2.04158,5.81427,0.3,0.05,-2.42378,-2.08169,5.8267
-2.47428,-2.03793,5.81377,0.3,0.05,-2.42719,-2.07706,5.82598
-2.47651,-2.03453,5.81328,0.3,0.05,-2.42794,-2.07584,5.82603
-2.4787,-2.031,5.81278,0.3,0.05,-2.41802,-2.07866,5.82894
-2.48066,-2.02729,5.81229,0.3,0.05,-2.40739,-2.08245,5.83171
-2.48225,-2.02329,5.81179,0.3,0.05,-2.43595,-2.06432,5.8248
-2.48413,-2.01956,5.81129,0.3,0.05,-2.42725,-2.06572,5.82713
-2.48865,-2.01279,5.81029,0.3,0.05,-2.44441,-2.05241,5.8228
-2.49287,-2.00581,5.8093,0.3,0.05,-2.44603,-2.05012,5.82245
-2.49443,-2.00187,5.8088,0.3,0.05,-2.44889,-2.04566,5.82185
-2.49639,-1.99827,5.8083,0.3,0.05,-2.44955,-2.04444,5.82194
-2.49781,-1.99424,5.8078,0.3,0.05,-2.45314,-2.03908,5.82146
-2.49892,-1.99,5.8073,0.3,0.05,-2.44473,-2.04027,5.8237
-2.50178,-1.98213,5.80631,0.3,0.05,-2.46052,-2.02803,5.81993
-2.50484,-1.97449,5.80531,0.3,0.05,-2.46191,-2.02591,5.81963
-2.5067,-1.97095,5.80481,0.3,0.05,-2.46658,-2.01858,5.81821
-2.50899,-1.96776,5.80431,0.3,0.05,-2.47048,-2.01263,5.81771
-2.51349,-1.96133,5.80331,0.3,0.05,-2.47359,-2.00727,5.8173
-2.51772,-1.95472,5.80231,0.3,0.05,-2.47643,-2.00278,5.81637
-2.52152,-1.94781,5.80131,0.3,0.05,-2.47783,-2.00057,5.81632
-2.52311,-1.94413,5.80081,0.3,0.05,-2.4806,-1.99611,5.81571
-2.52494,-1.94065,5.80031,0.3,0.05,-2.48195,-1.99392,5.81542
-2.52732,-1.9376,5.79981,0.3,0.05,-2.48474,-1.98939,5.81476
-2.52924,-1.9341,5.7993,0.3,0.05,-2.48615,-1.98709,5.81431
-2.53123,-1.93086,5.79881,0.3,0.05,-2.48934,-1.98204,5.81347
-2.53348,-1.92773,5.79831,0.3,0.05,-2.46555,-1.99309,5.81974
-2.5363,-1.92493,5.7978,0.3,0.05,-2.49285,-1.97527,5.81314
-2.53882,-1.9221,5.79731,0.3,0.05,-2.49551,-1.97078,5.81224
-2.5435,-1.91599,5.79631,0.3,0.05,-2.49683,-1.96854,5.81184
-2.54646,-1.91338,5.79582,0.3,0.05,-2.50069,-1.96193,5.8111
-2.54905,-1.9105,5.79532,0.3,0.05,-2.50466,-1.95503,5.8101
-2.55371,-1.90428,5.79431,0.3,0.05,-2.49571,-1.95624,5.81218
-2.55883,-1.89858,5.79332,0.3,0.05,-2.50921,-1.94595,5.8093
-2.56324,-1.89227,5.79232,0.3,0.05,-2.513,-1.93913,5.8082
-2.56744,-1.88573,5.79132,0.3,0.05,-2.5143,-1.93679,5.80761
-2.56954,-1.88257,5.79083,0.3,0.05,-2.51682,-1.9322,5.80714
-2.57137,-1.87912,5.79033,0.3,0.05,-2.49424,-1.94214,5.81292
-2.57255,-1.87521,5.78984,0.3,0.05,-2.52166,-1.92324,5.80594
-2.57437,-1.87178,5.78934,0.3,0.05,-2.52388,-1.91822,5.80537
-2.5775,-1.86466,5.78834,0.3,0.05,-2.52558,-1.91451,5.80521
-2.58036,-1.85738,5.78734,0.3,0.05,-2.52675,-1.91227,5.8049
-2.58187,-1.8538,5.78685,0.3,0.05,-2.52922,-1.90752,5.80418
-2.58303,-1.84997,5.78635,0.3,0.05,-2.53281,-1.90059,5.8029
-2.58586,-1.84279,5.78535,0.3,0.05,-2.53358,-1.89857,5.80276
-2.58722,-1.83915,5.78485,0.3,0.05,-2.53702,-1.89175,5.80186
-2.58872,-1.83564,5.78436,0.3,0.05,-2.53946,-1.88725,5.80083
-2.5921,-1.82893,5.78336,0.3,0.05,-2.54083,-1.88299,5.80102
-2.59585,-1.82243,5.78235,0.3,0.05,-2.54195,-1.88066,5.80073
-2.59829,-1.8196,5.78185,0.3,0.05,-2.54539,-1.87362,5.79939
-2.60032,-1.81657,5.78136,0.3,0.05,-2.5476,-1.86902,5.79859
-2.60322,-1.8096,5.78037,0.3,0.05,-2.54874,-1.86666,5.7984
-2.60475,-1.80616,5.77987,0.3,0.05,-2.55093,-1.86203,5.79781
-2.60603,-1.80256,5.77937,0.3,0.05,-2.52831,-1.87219,5.80317
-2.60705,-1.79879,5.77887,0.3,0.05,-2.55358,-1.85503,5.79693
-2.60787,-1.79482,5.77837,0.3,0.05,-2.55581,-1.8494,5.79659
-2.61046,-1.78788,5.77738,0.3,0.05,-2.55791,-1.84475,5.79597
-2.61356,-1.78125,5.77638,0.3,0.05,-2.5611,-1.83769,5.79447
-2.61571,-1.77401,5.77538,0.3,0.05,-2.56421,-1.83072,5.79361
-2.61742,-1.76653,5.77438,0.3,0.05,-2.56696,-1.82417,5.79246
-2.61895,-1.75901,5.77338,0.3,0.05,-2.54294,-1.83625,5.79875
-2.62028,-1.75565,5.77288,0.3,0.05,-2.56846,-1.8183,5.79245
-2.62144,-1.75219,5.77238,0.3,0.05,-2.5715,-1.81114,5.79136
-2.62433,-1.74568,5.77138,0.3,0.05,-2.57444,-1.80414,5.7899
-2.62713,-1.73914,5.77039,0.3,0.05,-2.57641,-1.79937,5.78934
-2.62941,-1.73231,5.76939,0.3,0.05,-2.57893,-1.79289,5.78831
-2.63069,-1.72487,5.76839,0.3,0.05,-2.5785,-1.79247,5.78853
-2.63089,-1.7209,5.76789,0.3,0.05,-2.58024,-1.78694,5.78798
-2.63184,-1.71743,5.76739,0.3,0.05,-2.58186,-1.7826,5.78759
-2.63391,-1.71064,5.76639,0.3,0.05,-2.58472,-1.77538,5.78608
-2.63556,-1.70364,5.76539,0.3,0.05,-2.5874,-1.76841,5.78494
-2.63704,-1.69658,5.76438,0.3,0.05,-2.56478,-1.7788,5.79073
-2.63773,-1.69306,5.76388,0.3,0.05,-2.57845,-1.76777,5.7867
-2.63852,-1.68962,5.76338,0.3,0.05,-2.59181,-1.75537,5.78294
-2.64066,-1.68309,5.76238,0.3,0.05,-2.5929,-1.75301,5.78253
-2.64204,-1.68006,5.76188,0.3,0.05,-2.57226,-1.75836,5.78713
-2.64324,-1.67669,5.76135,0.3,0.05,-2.58685,-1.74569,5.78272
-2.64529,-1.67043,5.76038,0.3,0.05,-2.57577,-1.74987,5.78535
-2.64774,-1.6681,5.75988,0.3,0.05,-2.58939,-1.73866,5.78158
-2.64999,-1.66564,5.75938,0.3,0.05,-2.6033,-1.72544,5.77768
-2.65253,-1.65947,5.75838,0.3,0.05,-2.60384,-1.72358,5.77712
-2.65382,-1.65642,5.75788,0.3,0.05,-2.60587,-1.71717,5.77615
-2.65482,-1.65319,5.75738,0.3,0.05,-2.60722,-1.71283,5.77559
-2.65665,-1.64665,5.75638,0.3,0.05,-2.60793,-1.71064,5.77537
-2.65768,-1.64347,5.75588,0.3,0.05,-2.61161,-1.70149,5.77304
-2.65861,-1.64025,5.75538,0.3,0.05,-2.61389,-1.69457,5.77183
-2.66039,-1.63376,5.75438,0.3,0.05,-2.61577,-1.6882,5.77076
-2.66244,-1.62749,5.75338,0.3,0.05,-2.61706,-1.68384,5.77002
-2.66415,-1.62105,5.75238,0.3,0.05,-2.59465,-1.69465,5.7756
-2.66518,-1.61795,5.75188,0.3,0.05,-2.60732,-1.6841,5.77214
-2.66589,-1.61467,5.75138,0.3,0.05,-2.59575,-1.68882,5.7747
-2.66699,-1.61164,5.75088,0.3,0.05,-2.62246,-1.66705,5.76685
-2.66848,-1.60885,5.75038,0.3,0.05,-2.62417,-1.66192,5.76585
-2.67028,-1.60257,5.74938,0.3,0.05,-2.62485,-1.65965,5.76545
-2.67094,-1.59923,5.74887,0.3,0.05,-2.62609,-1.65529,5.76485
-2.67179,-1.59616,5.74838,0.3,0.05,-2.62646,-1.6535,5.7645
-2.67379,-1.59372,5.74788,0.3,0.05,-2.62761,-1.64923,5.76363
-2.67519,-1.59091,5.74738,0.3,0.05,-2.62779,-1.64737,5.76341
-2.67621,-1.58788,5.74688,0.3,0.05,-2.62971,-1.64092,5.76236
-2.67701,-1.58473,5.74638,0.3,0.05,-2.63083,-1.63667,5.7614
-2.6779,-1.57805,5.74538,0.3,0.05,-2.60827,-1.64765,5.76697
-2.6786,-1.57489,5.74488,0.3,0.05,-2.63459,-1.6255,5.75898
-2.67906,-1.57159,5.74438,0.3,0.05,-2.62462,-1.62757,5.76119
-2.67986,-1.56497,5.74338,0.3,0.05,-2.61245,-1.63306,5.76389
-2.68022,-1.56167,5.74288,0.3,0.05,-2.6256,-1.62184,5.76007
-2.68088,-1.55855,5.74238,0.3,0.05,-2.61466,-1.62638,5.76271
-2.68163,-1.5555,5.74188,0.3,0.05,-2.62701,-1.61577,5.75911
-2.68202,-1.55225,5.74138,0.3,0.05,-2.61572,-1.62053,5.76172
-2.68271,-1.54918,5.74088,0.3,0.05,-2.64029,-1.60092,5.75455
-2.68347,-1.5461,5.74037,0.3,0.05,-2.64199,-1.59546,5.75341
-2.68495,-1.54014,5.73938,0.3,0.05,-2.61969,-1.60589,5.7587
-2.6856,-1.5371,5.73888,0.3,0.05,-2.63305,-1.59445,5.75475
-2.68649,-1.53412,5.73837,0.3,0.05,-2.6452,-1.58223,5.75071
-2.68806,-1.52829,5.73738,0.3,0.05,-2.64562,-1.58021,5.7504
-2.6897,-1.52584,5.73688,0.3,0.05,-2.64687,-1.5741,5.74942
-2.69109,-1.52324,5.73638,0.3,0.05,-2.64806,-1.56816,5.74809
-2.69294,-1.51746,5.73537,0.3,0.05,-2.64943,-1.56142,5.74688
-2.69484,-1.51188,5.73438,0.3,0.05,-2.6403,-1.56231,5.74846
-2.69611,-1.50591,5.73339,0.3,0.05,-2.62836,-1.56796,5.75106
-2.69728,-1.50322,5.73289,0.3,0.05,-2.65256,-1.54818,5.74402
-2.69794,-1.50025,5.73239,0.3,0.05,-2.65364,-1.54221,5.74305
-2.69893,-1.49419,5.73139,0.3,0.05,-2.64305,-1.54501,5.74486
-2.6996,-1.48801,5.73039,0.3,0.05,-2.65539,-1.53235,5.74099
-2.70029,-1.48189,5.72939,0.3,0.05,-2.6328,-1.54414,5.74671
-2.69995,-1.47846,5.7289,0.3,0.05,-2.64566,-1.53181,5.74244
-2.69984,-1.47517,5.7284,0.3,0.05,-2.65795,-1.5194,5.73812
-2.69967,-1.46871,5.7274,0.3,0.05,-2.65829,-1.51738,5.73783
-2.69985,-1.46565,5.7269,0.3,0.05,-2.65893,-1.51348,5.7372
-2.69968,-1.4624,5.7264,0.3,0.05,-2.65923,-1.51155,5.73688
-2.69939,-1.45905,5.72589,0.3,0.05,-2.65982,-1.50766,5.73619
-2.6991,-1.45584,5.7254,0.3,0.05,-2.66071,-1.50185,5.7348
-2.69899,-1.44962,5.7244,0.3,0.05,-2.66098,-1.50002,5.73451
-2.69917,-1.44665,5.7239,0.3,0.05,-2.66142,-1.49629,5.73393
-2.69961,-1.44385,5.7234,0.3,0.05,-2.6627,-1.48921,5.73194
-2.6994,-1.43768,5.7224,0.3,0.05,-2.64051,-1.50102,5.73757
-2.69892,-1.43444,5.7219,0.3,0.05,-2.65231,-1.49029,5.73392
-2.69811,-1.43103,5.7214,0.3,0.05,-2.64134,-1.4952,5.73654
-2.69737,-1.42763,5.72089,0.3,0.05,-2.66489,-1.47553,5.72928
-2.69671,-1.42442,5.7204,0.3,0.05,-2.66558,-1.47003,5.72806
-2.69669,-1.41858,5.7194,0.3,0.05,-2.65479,-1.47362,5.73058
-2.69618,-1.41256,5.7184,0.3,0.05,-2.64253,-1.47975,5.73322
-2.69561,-1.40943,5.71789,0.3,0.05,-2.65593,-1.46661,5.72852
-2.69487,-1.40623,5.71739,0.3,0.05,-2.64462,-1.47187,5.73127
-2.69414,-1.40306,5.71689,0.3,0.05,-2.66804,-1.4521,5.72421
-2.69398,-1.40021,5.71639,0.3,0.05,-2.66846,-1.44835,5.72355
-2.69361,-1.39447,5.71539,0.3,0.05,-2.66864,-1.44662,5.72316
-2.69349,-1.39169,5.71488,0.3,0.05,-2.66922,-1.44107,5.72169
-2.69304,-1.38876,5.71438,0.3,0.05,-2.66888,-1.43722,5.72136
-2.69302,-1.38321,5.71336,0.3,0.05,-2.66957,-1.43307,5.72027
-2.69293,-1.37791,5.71238,0.3,0.05,-2.67073,-1.42616,5.71839
-2.69336,-1.3728,5.71138,0.3,0.05,-2.64829,-1.43853,5.72414
-2.69366,-1.37034,5.71087,0.3,0.05,-2.67142,-1.41885,5.71709
-2.6943,-1.36806,5.71037,0.3,0.05,-2.6606,-1.42225,5.71926
-2.69452,-1.36293,5.70937,0.3,0.05,-2.67161,-1.41085,5.716
-2.69395,-1.35744,5.70837,0.3,0.05,-2.67144,-1.40651,5.71542
-2.69395,-1.3523,5.70736,0.3,0.05,-2.64927,-1.41848,5.72077
-2.69338,-1.3495,5.70686,0.3,0.05,-2.67283,-1.39758,5.71356
-2.69312,-1.34687,5.70636,0.3,0.05,-2.67308,-1.394,5.71291
-2.69226,-1.34142,5.70536,0.3,0.05,-2.65031,-1.40682,5.71862
-2.69195,-1.33882,5.70486,0.3,0.05,-2.67349,-1.3869,5.7114
-2.69185,-1.33634,5.70435,0.3,0.05,-2.67276,-1.38351,5.71144
-2.69171,-1.33136,5.70335,0.3,0.05,-2.67274,-1.38039,5.71094
-2.69194,-1.32661,5.70235,0.3,0.05,-2.6499,-1.39341,5.7166
-2.69243,-1.32447,5.70185,0.3,0.05,-2.67379,-1.37183,5.70882
-2.69313,-1.32244,5.70134,0.3,0.05,-2.67405,-1.36643,5.7081
-2.69391,-1.31796,5.70033,0.3,0.05,-2.67388,-1.3615,5.70703
-2.69477,-1.31364,5.69934,0.3,0.05,-2.6737,-1.35895,5.70666
-2.69569,-1.30933,5.69834,0.3,0.05,-2.6505,-1.37283,5.71314
-2.69699,-1.30756,5.69783,0.3,0.05,-2.67313,-1.35351,5.70611
-2.69869,-1.30607,5.69734,0.3,0.05,-2.67375,-1.3472,5.7045
-2.69982,-1.30186,5.69634,0.3,0.05,-2.67365,-1.34195,5.70379
-2.70036,-1.29739,5.69534,0.3,0.05,-2.67403,-1.33821,5.70291
-2.70079,-1.2929,5.69434,0.3,0.05,-2.67403,-1.33661,5.70254
-2.70099,-1.29065,5.69384,0.3,0.05,-2.67336,-1.33446,5.70222
-2.70078,-1.28822,5.69334,0.3,0.05,-2.67293,-1.33367,5.7023
-2.70071,-1.28586,5.69284,0.3,0.05,-2.66172,-1.33783,5.70497
-2.70011,-1.28327,5.69234,0.3,0.05,-2.65024,-1.34377,5.70768
-2.69968,-1.28077,5.69184,0.3,0.05,-2.67244,-1.32448,5.70065
-2.69973,-1.27846,5.69133,0.3,0.05,-2.66206,-1.3269,5.70272
-2.69915,-1.27372,5.69035,0.3,0.05,-2.6507,-1.33264,5.70538
-2.69886,-1.27134,5.68985,0.3,0.05,-2.6617,-1.32208,5.70165
-2.69883,-1.2691,5.68935,0.3,0.05,-2.65065,-1.32763,5.70419
-2.69845,-1.2667,5.68885,0.3,0.05,-2.67139,-1.31048,5.69798
-2.69801,-1.26429,5.68835,0.3,0.05,-2.67147,-1.30726,5.69767
-2.69763,-1.25975,5.68735,0.3,0.05,-2.67133,-1.30583,5.69741
-2.69717,-1.25736,5.68685,0.3,0.05,-2.67091,-1.30145,5.69639
-2.69554,-1.25445,5.68635,0.3,0.05,-2.67111,-1.29746,5.69534
-2.6937,-1.24937,5.68535,0.3,0.05,-2.67134,-1.29527,5.695
-2.69219,-1.2466,5.68485,0.3,0.05,-2.67123,-1.29191,5.69433
-2.69048,-1.24375,5.68435,0.3,0.05,-2.67024,-1.28858,5.69372
-2.68905,-1.23903,5.68335,0.3,0.05,-2.66974,-1.28787,5.69364
-2.68789,-1.23651,5.68285,0.3,0.05,-2.66942,-1.28498,5.6933
-2.68808,-1.23463,5.68235,0.3,0.05,-2.6689,-1.28076,5.69243
-2.68793,-1.23061,5.68135,0.3,0.05,-2.66871,-1.27933,5.6921
-2.68782,-1.22861,5.68085,0.3,0.05,-2.6684,-1.27638,5.69139
-2.68777,-1.22665,5.68034,0.3,0.05,-2.6685,-1.27443,5.69087
-2.68803,-1.22483,5.67984,0.3,0.05,-2.66868,-1.2704,5.69017
-2.68872,-1.22322,5.67934,0.3,0.05,-2.66858,-1.26879,5.68973
-2.68919,-1.2215,5.67884,0.3,0.05,-2.66758,-1.26724,5.68954
-2.6895,-1.21972,5.67834,0.3,0.05,-2.66702,-1.26657,5.68948
-2.68993,-1.21795,5.67783,0.3,0.05,-2.65572,-1.2711,5.69212
-2.68936,-1.21582,5.67734,0.3,0.05,-2.66603,-1.25962,5.68815
-2.68863,-1.2117,5.67634,0.3,0.05,-2.66539,-1.2555,5.68717
-2.68718,-1.2073,5.67534,0.3,0.05,-2.66546,-1.24983,5.68595
-2.68569,-1.20292,5.67433,0.3,0.05,-2.66416,-1.24706,5.68534
-2.68385,-1.19852,5.67334,0.3,0.05,-2.66361,-1.24636,5.68525
-2.68281,-1.1963,5.67284,0.3,0.05,-2.65259,-1.25082,5.68749
-2.68186,-1.19413,5.67234,0.3,0.05,-2.66249,-1.23962,5.6838
-2.68037,-1.18999,5.67134,0.3,0.05,-2.64013,-1.25334,5.68952
-2.67967,-1.18799,5.67084,0.3,0.05,-2.65121,-1.24291,5.68573
-2.67863,-1.18585,5.67034,0.3,0.05,-2.63942,-1.24949,5.68861
-2.67752,-1.1837,5.66983,0.3,0.05,-2.66138,-1.22921,5.68129
-2.67703,-1.18185,5.66933,0.3,0.05,-2.66022,-1.22791,5.68114
-2.67642,-1.17827,5.66833,0.3,0.05,-2.63725,-1.24254,5.68715
-2.6765,-1.1767,5.66783,0.3,0.05,-2.64798,-1.23226,5.68342
-2.6761,-1.17492,5.66733,0.3,0.05,-2.65843,-1.22064,5.67957
-2.67603,-1.17166,5.66633,0.3,0.05,-2.65765,-1.21688,5.67864
-2.67561,-1.16827,5.66533,0.3,0.05,-2.65684,-1.21305,5.67763
-2.67543,-1.16502,5.66433,0.3,0.05,-2.65663,-1.2117,5.67727
-2.67561,-1.16354,5.66383,0.3,0.05,-2.6555,-1.21029,5.67724
-2.67524,-1.16182,5.66333,0.3,0.05,-2.63318,-1.22472,5.68314
-2.6748,-1.16006,5.66281,0.3,0.05,-2.64351,-1.21474,5.67949
-2.67416,-1.15825,5.66231,0.3,0.05,-2.65353,-1.20343,5.67543
-2.6728,-1.15461,5.66131,0.3,0.05,-2.65326,-1.20219,5.67531
-2.67221,-1.1529,5.66082,0.3,0.05,-2.65269,-1.19973,5.67468
-2.67149,-1.15111,5.66032,0.3,0.05,-2.63042,-1.21381,5.6804
-2.67124,-1.14954,5.65982,0.3,0.05,-2.6515,-1.19499,5.67336
-2.67115,-1.14804,5.65932,0.3,0.05,-2.64977,-1.19312,5.67322
-2.66988,-1.14459,5.65832,0.3,0.05,-2.6492,-1.19067,5.67256
-2.66929,-1.14148,5.65732,0.3,0.05,-2.64833,-1.18701,5.67138
-2.66883,-1.13845,5.65632,0.3,0.05,-2.64805,-1.18578,5.67117
-2.66864,-1.13698,5.65582,0.3,0.05,-2.64747,-1.18343,5.67067
-2.66794,-1.1353,5.65532,0.3,0.05,-2.64651,-1.17997,5.66971
-2.6666,-1.13199,5.65432,0.3,0.05,-2.64618,-1.17894,5.6694
-2.66565,-1.13025,5.65382,0.3,0.05,-2.64454,-1.17883,5.66953
-2.66497,-1.12863,5.65332,0.3,0.05,-2.64371,-1.17501,5.66852
-2.66376,-1.12546,5.65231,0.3,0.05,-2.64341,-1.17379,5.66817
-2.66314,-1.12391,5.65181,0.3,0.05,-2.6428,-1.17143,5.66739
-2.66279,-1.12248,5.65131,0.3,0.05,-2.6425,-1.17028,5.66688
-2.66205,-1.12093,5.65082,0.3,0.05,-2.6419,-1.16798,5.66645
-2.6615,-1.11945,5.65032,0.3,0.05,-2.64159,-1.16691,5.66614
-2.66079,-1.11791,5.64981,0.3,0.05,-2.64056,-1.16369,5.6652
-2.65971,-1.11623,5.64931,0.3,0.05,-2.6388,-1.16394,5.66519
-2.65886,-1.11343,5.64831,0.3,0.05,-2.63817,-1.16355,5.66537
-2.65774,-1.11177,5.64781,0.3,0.05,-2.63772,-1.16083,5.66457
-2.65706,-1.11031,5.64731,0.3,0.05,-2.63738,-1.15978,5.66426
-2.65662,-1.10896,5.64681,0.3,0.05,-2.63674,-1.15748,5.66352
-2.65607,-1.10758,5.64631,0.3,0.05,-2.63644,-1.15637,5.66293
-2.65551,-1.1062,5.64581,0.3,0.05,-2.63582,-1.15415,5.66246
-2.65403,-1.10446,5.64531,0.3,0.05,-2.63551,-1.15311,5.66215
-2.65302,-1.10293,5.64481,0.3,0.05,-2.63483,-1.15098,5.66151
-2.65158,-1.10124,5.64431,0.3,0.05,-2.63447,-1.15005,5.66123
-2.64978,-1.09943,5.64381,0.3,0.05,-2.63231,-1.15074,5.66132
-2.64826,-1.09775,5.6433,0.3,0.05,-2.63197,-1.1502,5.66115
-2.64682,-1.09613,5.6428,0.3,0.05,-2.63123,-1.14823,5.6608
-2.6451,-1.09442,5.6423,0.3,0.05,-2.63044,-1.14459,5.65962
-2.64386,-1.09187,5.64129,0.3,0.05,-2.63014,-1.14355,5.65906
-2.64292,-1.09054,5.6408,0.3,0.05,-2.61882,-1.14911,5.66147
-2.64191,-1.08918,5.64029,0.3,0.05,-2.62852,-1.13836,5.65751
-2.64064,-1.08675,5.63929,0.3,0.05,-2.62624,-1.1381,5.65727
-2.63961,-1.08443,5.63828,0.3,0.05,-2.6245,-1.13635,5.6569
-2.63934,-1.0825,5.63729,0.3,0.05,-2.62445,-1.13522,5.65652
-2.63933,-1.08161,5.63679,0.3,0.05,-2.62393,-1.1328,5.6557
-2.63929,-1.08072,5.63629,0.3,0.05,-2.62298,-1.12978,5.65428
-2.63856,-1.07861,5.63527,0.3,0.05,-2.62265,-1.12877,5.65393
-2.63788,-1.07748,5.63477,0.3,0.05,-2.62201,-1.12685,5.65349
-2.63784,-1.07663,5.63428,0.3,0.05,-2.62164,-1.12597,5.65321
-2.63829,-1.07597,5.63378,0.3,0.05,-2.61912,-1.12647,5.65313
-2.63892,-1.07538,5.63328,0.3,0.05,-2.61828,-1.12497,5.65257
-2.63865,-1.07354,5.63228,0.3,0.05,-2.59657,-1.13963,5.6585
-2.63898,-1.07282,5.63177,0.3,0.05,-2.60661,-1.12998,5.65477
-2.63922,-1.07209,5.63128,0.3,0.05,-2.61631,-1.11924,5.65035
-2.63894,-1.07027,5.63027,0.3,0.05,-2.5944,-1.13404,5.65623
-2.6394,-1.06964,5.62978,0.3,0.05,-2.60505,-1.12398,5.6524
-2.63983,-1.06898,5.62928,0.3,0.05,-2.61308,-1.11659,5.64942
-2.63969,-1.06726,5.62828,0.3,0.05,-2.61249,-1.11624,5.64913
-2.63876,-1.06606,5.62778,0.3,0.05,-2.61166,-1.11484,5.64848
-2.63771,-1.06483,5.62728,0.3,0.05,-2.61127,-1.11417,5.6483
-2.63584,-1.06328,5.62678,0.3,0.05,-2.61048,-1.11265,5.64789
-2.63435,-1.06192,5.62628,0.3,0.05,-2.61016,-1.11181,5.64756
-2.63331,-1.06075,5.62578,0.3,0.05,-2.60958,-1.10981,5.64643
-2.63249,-1.05969,5.62528,0.3,0.05,-2.58806,-1.12452,5.65206
-2.63171,-1.05865,5.62478,0.3,0.05,-2.59774,-1.11523,5.64858
-2.63059,-1.0575,5.62428,0.3,0.05,-2.58708,-1.12199,5.65113
-2.62979,-1.05648,5.62378,0.3,0.05,-2.60552,-1.10738,5.64523
-2.62916,-1.05555,5.62328,0.3,0.05,-2.60503,-1.10583,5.64447
-2.62819,-1.05382,5.62228,0.3,0.05,-2.60463,-1.1052,5.64416
-2.62767,-1.05296,5.62178,0.3,0.05,-2.60385,-1.10388,5.64383
-2.62757,-1.05227,5.62128,0.3,0.05,-2.60346,-1.10317,5.64355
-2.62672,-1.0513,5.62078,0.3,0.05,-2.60257,-1.10062,5.64209
-2.62624,-1.05047,5.62027,0.3,0.05,-2.60162,-1.09919,5.64137
-2.62528,-1.04887,5.61928,0.3,0.05,-2.6016,-1.09819,5.64112
-2.62546,-1.04834,5.61878,0.3,0.05,-2.59921,-1.09908,5.64109
-2.62485,-1.0475,5.61828,0.3,0.05,-2.59843,-1.09784,5.64043
-2.62394,-1.04596,5.61727,0.3,0.05,-2.57691,-1.11296,5.64623
-2.62273,-1.04493,5.61678,0.3,0.05,-2.5969,-1.09548,5.63946
-2.62225,-1.04418,5.61628,0.3,0.05,-2.59595,-1.09325,5.63808
-2.62139,-1.04276,5.61528,0.3,0.05,-2.59531,-1.09176,5.63727
-2.62084,-1.04148,5.61428,0.3,0.05,-2.59498,-1.09108,5.63692
-2.61989,-1.0406,5.61378,0.3,0.05,-2.5931,-1.09248,5.63755
-2.61882,-1.03968,5.61328,0.3,0.05,-2.59265,-1.09209,5.63711
-2.61907,-1.03929,5.61278,0.3,0.05,-2.5919,-1.09092,5.63637
-2.61912,-1.03883,5.61228,0.3,0.05,-2.59123,-1.09062,5.63613
-2.61836,-1.03805,5.61178,0.3,0.05,-2.59079,-1.08931,5.63541
-2.61751,-1.03725,5.61128,0.3,0.05,-2.59044,-1.08878,5.63533
-2.61703,-1.03659,5.61077,0.3,0.05,-2.58974,-1.08765,5.6344
